{
  "system": {
    "timestamp": "2025-06-10T07:56:40.773142",
    "load_avg": [
      0.12,
      0.1,
      0.05
    ],
    "uptime": 707.53,
    "memory": {
      "total": 16772685824,
      "used": 1285124096,
      "available": 15487561728,
      "percent": 7.662005414547972
    }
  },
  "wolfcog": {
    "uptime": 0.027927160263061523,
    "tasks": {
      "pending": 3,
      "processed": 0,
      "errors": 0,
      "throughput": 0
    },
    "spaces": {
      "u": {
        "files": 3,
        "total_size": 1958,
        "last_modified": 1749541536.9157932
      },
      "e": {
        "files": 3,
        "total_size": 2329,
        "last_modified": 1749541536.9157932
      },
      "s": {
        "files": 3,
        "total_size": 2525,
        "last_modified": 1749541536.9157932
      }
    },
    "components": {
      "active_processes": 8,
      "estimated_total_memory_mb": 400,
      "health_status": "good"
    }
  }
}