{
  "system": {
    "timestamp": "2025-06-10T15:08:30.188720",
    "load_avg": [
      0.22,
      0.18,
      0.12
    ],
    "uptime": 1048.6,
    "memory": {
      "total": 16772685824,
      "used": 1443500032,
      "available": 15329185792,
      "percent": 8.606254520874044
    }
  },
  "wolfcog": {
    "uptime": 0.019449949264526367,
    "tasks": {
      "pending": 0,
      "processed": 0,
      "errors": 0,
      "throughput": 0
    },
    "spaces": {
      "u": {
        "files": 4,
        "total_size": 1991,
        "last_modified": 1749567103.5737774
      },
      "e": {
        "files": 4,
        "total_size": 2363,
        "last_modified": 1749567103.5737774
      },
      "s": {
        "files": 4,
        "total_size": 2559,
        "last_modified": 1749567103.5737774
      }
    },
    "components": {
      "active_processes": 21,
      "estimated_total_memory_mb": 1050,
      "health_status": "good"
    }
  }
}