{
  "system": {
    "timestamp": "2025-06-08T21:14:25.984304",
    "load_avg": [
      0.89,
      0.63,
      0.58
    ],
    "uptime": 22803.92,
    "memory": {
      "total": 8324300800,
      "used": 3655966720,
      "available": 4668334080,
      "percent": 43.919204841804856
    }
  },
  "wolfcog": {
    "uptime": 0.01935887336730957,
    "tasks": {
      "pending": 0,
      "processed": 3,
      "errors": 1,
      "throughput": 0.6
    },
    "spaces": {
      "u": {
        "files": 3,
        "total_size": 1958,
        "last_modified": 1749415936.0994704
      },
      "e": {
        "files": 3,
        "total_size": 2329,
        "last_modified": 1749415936.0984702
      },
      "s": {
        "files": 3,
        "total_size": 2525,
        "last_modified": 1749415936.0994704
      }
    },
    "components": {
      "active_processes": 5,
      "estimated_total_memory_mb": 250,
      "health_status": "good"
    }
  }
}