{
  "system": {
    "timestamp": "2025-06-10T16:05:13.699809",
    "load_avg": [
      0.01,
      0.06,
      0.07
    ],
    "uptime": 1069.2,
    "memory": {
      "total": 16772673536,
      "used": 1329082368,
      "available": 15443591168,
      "percent": 7.924093706035154
    }
  },
  "wolfcog": {
    "uptime": 0.01842784881591797,
    "tasks": {
      "pending": 0,
      "processed": 3,
      "errors": 1,
      "throughput": 0.6
    },
    "spaces": {
      "u": {
        "files": 4,
        "total_size": 1991,
        "last_modified": 1749570604.884014
      },
      "e": {
        "files": 4,
        "total_size": 2363,
        "last_modified": 1749570604.884014
      },
      "s": {
        "files": 4,
        "total_size": 2559,
        "last_modified": 1749570604.884014
      }
    },
    "components": {
      "active_processes": 12,
      "estimated_total_memory_mb": 600,
      "health_status": "good"
    }
  }
}